program,run,source_file,operation,segment_id,sample_index,Time,A_Axis_Load,A_Position,Block_Number,COR_Status,C_Axis_Load,C_Position,Controller_Mode,Current_Tool,EStop_State,Feed_Override,Feed_Rate,Machine_Mode,Machine_Time,Part_Count,Program_Name_Running,Program_Runtime_Seconds,Rapid_Override,Rapid_Speed,S_Axis_Load,Spindle_Override,Spindle_Speed,Spindle_Time,X_Axis_Load,X_Position,Y_Axis_Load,Y_Position,Z_Axis_Load,Z_Position,active power,current,featureId,forward kWh,frequency,partKindId,power factor,processKindId,reverse kWh,spindle motor a_peak,spindle motor a_rms,spindle motor crest,spindle motor temp,spindle motor v_rms,voltage,x-axis motor a_peak,x-axis motor a_rms,x-axis motor crest,x-axis motor temp,x-axis motor v_rms,y-axis bearing a_peak,y-axis bearing a_rms,y-axis bearing crest,y-axis bearing temp,y-axis bearing v_rms,y-axis motor a_peak,y-axis motor a_rms,y-axis motor crest,y-axis motor temp,y-axis motor v_rms,z-axis bearing a_peak,z-axis bearing a_rms,z-axis bearing crest,z-axis bearing temp,z-axis bearing v_rms,z-axis motor a_peak,z-axis motor a_rms,z-axis motor crest,z-axis motor temp,z-axis motor v_rms
body_p4,01,Al6061_body01_p4,CF0FEA34-836B-413B-B472-DF89D832DA95,2,55,2025-07-11 10:42:59.870250,33,-90.0003437746771,14,1,15,-60.0,AUTO,4,ARMED,100,633.3333,5,2591931.641,1,000454_D_A_PROGRAM_4.NC,10,100,0,28,100,1647.77580358586,691229.158999999,24,190.395370662225,19,298.686546141962,31,-99.8670012020172,610.0,5.273333333333333,NONE,16.553333333333335,59.99,D2C78EB3-CB26-4FDA-ABA9-353C0E6A1AB1,0.7666666666666667,CF0FEA34-836B-413B-B472-DF89D832DA95,0.379,3500.0,300.0,11.2,27.4,0.1,132.13333333333333,200.0,0.0,4.0,21.4,0.0,200.0,100.0,3.9,21.7,0.0,500.0,200.0,2.6,24.4,0.0,1700.0,200.0,8.7,22.7,0.1,1300.0,200.0,6.0,26.1,0.1
body_p4,04,Al6061_body04_p4,CF0FEA34-836B-413B-B472-DF89D832DA95,7,147,2025-07-11 11:00:27.150737,7,-90.0008437173813,14,1,11,-60.0,AUTO,4,ARMED,100,455.1333,5,2592652.352,4,000454_D_A_PROGRAM_4.NC,10,100,0,29,100,684.412857373611,691229.158999999,75,71.0150572761045,59,423.913256959103,31,-99.8669897586013,630.0,6.263333333333333,NONE,16.711,59.97,D2C78EB3-CB26-4FDA-ABA9-353C0E6A1AB1,0.7933333333333333,CF0FEA34-836B-413B-B472-DF89D832DA95,0.3793333333333333,3700.0,200.0,17.7,26.0,0.1,132.4,200.0,0.0,3.9,21.7,0.0,200.0,0.0,4.2,22.0,0.0,400.0,200.0,2.2,24.3,0.0,1000.0,100.0,8.9,23.4,0.1,700.0,200.0,2.9,27.4,0.1
body_p4,04,Al6061_body04_p4,CF0FEA34-836B-413B-B472-DF89D832DA95,7,148,2025-07-11 11:00:28.151033,7,-90.0003437746771,14,1,11,-60.0,AUTO,4,ARMED,100,79.31667,5,2592652.352,4,000454_D_A_PROGRAM_4.NC,11,100,0,20,100,4188.46406780858,691229.158999999,7,379.846874654768,7,99.9537644026605,31,-120.912312234019,409.6666666666667,3.76,NONE,16.711,59.97,D2C78EB3-CB26-4FDA-ABA9-353C0E6A1AB1,0.7566666666666667,CF0FEA34-836B-413B-B472-DF89D832DA95,0.3793333333333333,4700.0,1200.0,3.8,26.0,0.1,132.56666666666666,1600.0,400.0,4.0,21.7,0.4,8400.0,1800.0,4.8,22.0,0.1,37200.0,9600.0,3.9,24.3,0.4,3800.0,900.0,4.2,23.4,0.0,900.0,300.0,3.4,27.4,0.1
body_p4,04,Al6061_body04_p4,CF0FEA34-836B-413B-B472-DF89D832DA95,7,149,2025-07-11 11:00:29.151290,7,-90.0003437746771,17,1,11,-60.0,AUTO,4,ARMED,100,60.43333,5,2592652.352,4,000454_D_A_PROGRAM_4.NC,12,100,0,1,100,6420.0,691229.158999999,5,379.846771658732,6,99.9539017288695,27,-451.534681557531,3195.0,28.340000000000003,NONE,16.712,59.97,D2C78EB3-CB26-4FDA-ABA9-353C0E6A1AB1,1.0,CF0FEA34-836B-413B-B472-DF89D832DA95,0.3793333333333333,11400.0,2200.0,5.1,26.0,0.2,131.1,500.0,100.0,4.2,21.7,0.1,1900.0,400.0,5.1,22.0,0.1,3300.0,800.0,4.2,24.3,0.2,34900.0,5200.0,6.7,23.4,0.1,49900.0,12000.0,4.2,27.4,1.2
body_p4,05,Al6061_body05_p4,CF0FEA34-836B-413B-B472-DF89D832DA95,6,131,2025-07-11 11:06:11.242490,7,-90.0008437173813,14,1,26,-60.0,AUTO,4,ARMED,100,596.4167,5,2593012.446,5,000454_D_A_PROGRAM_4.NC,10,100,0,15,100,1220.53626231627,691229.158999999,21,147.570554894429,18,343.610611867201,31,-99.8670012020172,603.3333333333334,5.873333333333334,NONE,16.762666666666664,60.02,D2C78EB3-CB26-4FDA-ABA9-353C0E6A1AB1,0.6966666666666667,CF0FEA34-836B-413B-B472-DF89D832DA95,0.3793333333333333,2900.0,200.0,15.1,25.8,0.1,132.23333333333335,200.0,0.0,4.2,21.7,0.0,200.0,100.0,4.5,22.0,0.0,400.0,200.0,2.3,24.4,0.0,1700.0,100.0,13.1,23.5,0.1,700.0,200.0,3.0,27.7,0.1
body_p4,05,Al6061_body05_p4,CF0FEA34-836B-413B-B472-DF89D832DA95,6,132,2025-07-11 11:06:12.242813,7,-90.0003437746771,15,1,26,-60.0,AUTO,4,ARMED,100,326.8,5,2593012.446,5,000454_D_A_PROGRAM_4.NC,11,100,0,18,100,4573.13637300993,691229.158999999,6,379.846874654768,6,99.9537758465112,22,-127.969850774226,1099.6666666666667,13.5,NONE,16.763,60.02,D2C78EB3-CB26-4FDA-ABA9-353C0E6A1AB1,1.0,CF0FEA34-836B-413B-B472-DF89D832DA95,0.3793333333333333,4900.0,1300.0,3.9,25.8,0.1,132.1,1400.0,400.0,3.5,21.7,0.3,8200.0,2000.0,4.1,22.0,0.1,35900.0,9400.0,3.8,24.4,0.3,3900.0,1000.0,3.8,23.5,0.1,1000.0,300.0,3.9,27.7,0.1
body_p4,05,Al6061_body05_p4,CF0FEA34-836B-413B-B472-DF89D832DA95,6,133,2025-07-11 11:06:13.243123,7,-90.0003437746771,17,1,26,-60.0,AUTO,4,ARMED,100,19.55,5,2593012.446,5,000454_D_A_PROGRAM_4.NC,12,100,0,1,100,6420.0,691229.158999999,5,379.846805990744,6,99.9538902850187,27,-455.078749439924,5945.333333333333,49.68666666666667,NONE,16.764,60.02,D2C78EB3-CB26-4FDA-ABA9-353C0E6A1AB1,0.9533333333333333,CF0FEA34-836B-413B-B472-DF89D832DA95,0.3793333333333333,13200.0,2400.0,5.4,25.8,0.2,129.36666666666667,500.0,100.0,3.7,21.7,0.1,1900.0,400.0,4.8,22.0,0.1,3400.0,800.0,4.1,24.4,0.2,32300.0,6000.0,5.4,23.5,0.1,49500.0,13400.0,3.7,27.7,1.3
body_p4,06,Al6061_body06_p4,CF0FEA34-836B-413B-B472-DF89D832DA95,2,32,2025-07-22 11:15:32.261496,106,-89.9995631963877,29,1,59,120.0005,AUTO,4,ARMED,100,0.0,5,2645248.287,6,O9735.FNC,7,100,0,0,100,0.0,709602.711000001,5,1.38831030176583,5,496.955637028809,31,-99.8670012020172,596.3333333333334,5.1466666666666665,UNAVAILABLE,26.937,59.97,D2C78EB3-CB26-4FDA-ABA9-353C0E6A1AB1,0.97,CF0FEA34-836B-413B-B472-DF89D832DA95,0.7256666666666667,,,,,,133.9,,,,,,,,,,,,,,,,,,,,,,,,,
body_p4,06,Al6061_body06_p4,CF0FEA34-836B-413B-B472-DF89D832DA95,2,33,2025-07-22 11:15:33.261783,106,-89.9995631963877,14,1,59,120.0005,AUTO,4,ARMED,100,633.1333,5,2645248.287,6,000454_D_A_PROGRAM_4.NC,8,100,0,34,100,2502.11781579097,709602.711000001,24,319.310080616142,19,163.457242768684,31,-99.8670012020172,486.6666666666667,4.223333333333334,UNAVAILABLE,26.937,59.97,D2C78EB3-CB26-4FDA-ABA9-353C0E6A1AB1,0.7633333333333333,CF0FEA34-836B-413B-B472-DF89D832DA95,0.7256666666666667,,,,,,133.93333333333337,,,,,,,,,,,,,,,,,,,,,,,,,
body_p4,06,Al6061_body06_p4,CF0FEA34-836B-413B-B472-DF89D832DA95,2,34,2025-07-22 11:15:34.262075,106,-89.9995631963877,15,1,59,120.0005,AUTO,4,ARMED,100,533.3,5,2645248.287,6,000454_D_A_PROGRAM_4.NC,9,100,0,14,100,5820.5538592105,709602.711000001,5,379.84679454674,6,99.953878841168,13,-432.75027833936,5221.333333333333,44.870000000000005,UNAVAILABLE,26.938,59.97,D2C78EB3-CB26-4FDA-ABA9-353C0E6A1AB1,1.0,CF0FEA34-836B-413B-B472-DF89D832DA95,0.7256666666666667,,,,,,131.33333333333334,,,,,,,,,,,,,,,,,,,,,,,,,
body_p4,06,Al6061_body06_p4,CF0FEA34-836B-413B-B472-DF89D832DA95,2,35,2025-07-22 11:15:35.262326,106,-89.9995631963877,17,1,59,120.0005,AUTO,4,ARMED,100,14.5,5,2645248.287,6,000454_D_A_PROGRAM_4.NC,10,100,0,1,100,6420.0,709602.711000001,5,379.846805990744,6,99.9539017288695,24,-462.13416301157,6125.333333333333,51.41,UNAVAILABLE,26.93933333333333,59.97,D2C78EB3-CB26-4FDA-ABA9-353C0E6A1AB1,0.88,CF0FEA34-836B-413B-B472-DF89D832DA95,0.7256666666666667,,,,,,130.76666666666668,,,,,,,,,,,,,,,,,,,,,,,,,
body_p4,07,Al6061_body07_p4,CF0FEA34-836B-413B-B472-DF89D832DA95,2,27,2025-07-22 11:47:27.909667,106,-89.9995631963877,14,1,6,-60.0,AUTO,4,ARMED,100,0.0,5,2647050.354,7,000454_D_A_PROGRAM_4.NC,7,100,0,1,100,0.0,709602.711000001,75,23.0229660501584,56,474.257454722302,31,-99.8669897586013,659.3333333333334,6.343333333333334,UNAVAILABLE,27.165000000000003,59.98,D2C78EB3-CB26-4FDA-ABA9-353C0E6A1AB1,0.8266666666666667,CF0FEA34-836B-413B-B472-DF89D832DA95,0.7256666666666667,,,,,,133.29999999999998,,,,,,,,,,,,,,,,,,,,,,,,,
body_p4,07,Al6061_body07_p4,CF0FEA34-836B-413B-B472-DF89D832DA95,2,28,2025-07-22 11:47:28.909864,106,-89.9995631963877,14,1,6,-60.0,AUTO,4,ARMED,100,85.85,5,2647050.354,7,000454_D_A_PROGRAM_4.NC,8,100,0,21,100,3877.64727939973,709602.711000001,7,379.846050686484,8,99.95497745084,7,-99.9805313318028,450.0,3.846666666666666,UNAVAILABLE,27.165000000000003,59.98,D2C78EB3-CB26-4FDA-ABA9-353C0E6A1AB1,0.89,CF0FEA34-836B-413B-B472-DF89D832DA95,0.7256666666666667,,,,,,133.46666666666667,,,,,,,,,,,,,,,,,,,,,,,,,
body_p4,07,Al6061_body07_p4,CF0FEA34-836B-413B-B472-DF89D832DA95,2,29,2025-07-22 11:47:29.910067,106,-89.9995631963877,16,1,6,-60.0,AUTO,4,ARMED,100,16.06667,5,2647050.354,7,000454_D_A_PROGRAM_4.NC,9,100,0,13,100,6420.0,709602.711000001,5,379.84679454674,6,99.9539017288695,40,-447.006087431078,3625.6666666666665,32.07,UNAVAILABLE,27.16633333333333,59.98,D2C78EB3-CB26-4FDA-ABA9-353C0E6A1AB1,1.0,CF0FEA34-836B-413B-B472-DF89D832DA95,0.7256666666666667,,,,,,131.79999999999998,,,,,,,,,,,,,,,,,,,,,,,,,
body_p4,07,Al6061_body07_p4,CF0FEA34-836B-413B-B472-DF89D832DA95,2,30,2025-07-22 11:47:30.910357,106,-89.9995631963877,19,1,6,-60.0,AUTO,4,ARMED,100,73.05,5,2647050.354,7,000454_D_A_PROGRAM_4.NC,10,100,0,3,100,6420.0,709602.711000001,5,379.846805990744,6,99.9539017288695,81,-443.7879460389,5924.0,48.92,UNAVAILABLE,27.167666666666666,59.99,D2C78EB3-CB26-4FDA-ABA9-353C0E6A1AB1,0.9433333333333334,CF0FEA34-836B-413B-B472-DF89D832DA95,0.7256666666666667,,,,,,130.5,,,,,,,,,,,,,,,,,,,,,,,,,
body_p4,08,Al6061_body08_p4,CF0FEA34-836B-413B-B472-DF89D832DA95,2,47,51:48.0,106,-89.9995632,14,1,5,120.0005,AUTO,4,ARMED,100,406.0167,5,2647410.622,8,000454_D_A_PROGRAM_4.NC,8,100,0,12,100,1007.953481,709602.711,30,122.4431996,20,369.9695949,31,-99.86698976,547.6666667,4.82,UNAVAILABLE,27.207,60.02,D2C78EB3-CB26-4FDA-ABA9-353C0E6A1AB1,0.74,CF0FEA34-836B-413B-B472-DF89D832DA95,0.725666667,,,,,,133.4666667,,,,,,,,,,,,,,,,,,,,,,,,,
body_p4,08,Al6061_body08_p4,CF0FEA34-836B-413B-B472-DF89D832DA95,2,48,51:49.0,106,-89.9995632,15,1,5,120.0005,AUTO,4,ARMED,100,46.78333,5,2647410.622,8,000454_D_A_PROGRAM_4.NC,9,100,0,18,100,4443.978884,709602.711,6,379.8468518,7,99.95378729,37,-147.4306425,2746.666667,24.85333333,UNAVAILABLE,27.20733333,60.01,D2C78EB3-CB26-4FDA-ABA9-353C0E6A1AB1,1.0,CF0FEA34-836B-413B-B472-DF89D832DA95,0.725666667,,,,,,132.3333333,,,,,,,,,,,,,,,,,,,,,,,,,
body_p4,08,Al6061_body08_p4,CF0FEA34-836B-413B-B472-DF89D832DA95,2,49,51:50.0,106,-89.9995632,16,1,5,120.0005,AUTO,4,ARMED,100,25.61667,5,2647410.622,8,000454_D_A_PROGRAM_4.NC,10,100,0,1,100,6420.0,709602.711,6,379.846806,5,99.95390173,70,-452.0501651,6245.0,51.75333333,UNAVAILABLE,27.209,60.02,D2C78EB3-CB26-4FDA-ABA9-353C0E6A1AB1,0.953333333,CF0FEA34-836B-413B-B472-DF89D832DA95,0.725666667,,,,,,130.3666667,,,,,,,,,,,,,,,,,,,,,,,,,
body_p4,08,Al6061_body08_p4,CF0FEA34-836B-413B-B472-DF89D832DA95,2,50,51:51.0,106,-89.9995632,19,1,5,120.0005,AUTO,4,ARMED,100,0.0,5,2647410.622,8,000454_D_A_PROGRAM_4.NC,11,100,0,2,100,6420.0,709602.711,5,379.846806,5,99.95390173,38,-442.1022002,5966.666667,49.28,UNAVAILABLE,27.21,60.02,D2C78EB3-CB26-4FDA-ABA9-353C0E6A1AB1,0.893333333,CF0FEA34-836B-413B-B472-DF89D832DA95,0.725666667,,,,,,130.4666667,,,,,,,,,,,,,,,,,,,,,,,,,
body_p4,09,Al6061_body09_p4,CF0FEA34-836B-413B-B472-DF89D832DA95,2,33,2025-07-22 11:55:33.034070,106,-89.9995631963877,14,1,3,120.001,AUTO,4,ARMED,100,215.9,5,2647410.622,9,000454_D_A_PROGRAM_4.NC,7,100,0,0,100,0.0,709602.711000001,77,5.13890767727469,4,493.018194249268,31,-99.8670012020172,705.6666666666666,6.66,UNAVAILABLE,27.246,60.0,D2C78EB3-CB26-4FDA-ABA9-353C0E6A1AB1,0.6633333333333333,CF0FEA34-836B-413B-B472-DF89D832DA95,0.7256666666666667,,,,,,133.29999999999998,,,,,,,,,,,,,,,,,,,,,,,,,
body_p4,09,Al6061_body09_p4,CF0FEA34-836B-413B-B472-DF89D832DA95,2,34,2025-07-22 11:55:34.034320,106,-89.9995631963877,14,1,3,120.001,AUTO,4,ARMED,100,27.68333,5,2647410.622,9,000454_D_A_PROGRAM_4.NC,8,100,0,26,100,3536.38881045638,709602.711000001,55,379.680078297361,45,100.131430185555,31,-99.8670012020172,1269.3333333333333,14.866666666666667,UNAVAILABLE,27.246666666666663,60.0,D2C78EB3-CB26-4FDA-ABA9-353C0E6A1AB1,1.0,CF0FEA34-836B-413B-B472-DF89D832DA95,0.7256666666666667,,,,,,133.0666666666667,,,,,,,,,,,,,,,,,,,,,,,,,
body_p4,09,Al6061_body09_p4,CF0FEA34-836B-413B-B472-DF89D832DA95,2,35,2025-07-22 11:55:35.034571,106,-89.9995631963877,16,1,3,120.001,AUTO,4,ARMED,100,33.76667,5,2647410.622,9,000454_D_A_PROGRAM_4.NC,9,100,0,13,100,6420.0,709602.711000001,5,379.846805990744,6,99.9538902850187,50,-444.423611508638,6062.0,46.01666666666667,UNAVAILABLE,27.247666666666664,60.0,D2C78EB3-CB26-4FDA-ABA9-353C0E6A1AB1,1.0,CF0FEA34-836B-413B-B472-DF89D832DA95,0.7256666666666667,,,,,,130.43333333333337,,,,,,,,,,,,,,,,,,,,,,,,,
body_p4,09,Al6061_body09_p4,CF0FEA34-836B-413B-B472-DF89D832DA95,2,36,2025-07-22 11:55:36.034831,106,-89.9995631963877,18,1,3,120.001,AUTO,4,ARMED,100,102.3333,5,2647410.622,9,000454_D_A_PROGRAM_4.NC,10,100,0,0,100,6420.0,709602.711000001,5,379.84679454674,6,99.9539017288695,78,-446.462108782043,3865.0,45.16666666666666,UNAVAILABLE,27.249,60.0,D2C78EB3-CB26-4FDA-ABA9-353C0E6A1AB1,0.29,CF0FEA34-836B-413B-B472-DF89D832DA95,0.7256666666666667,,,,,,130.93333333333337,,,,,,,,,,,,,,,,,,,,,,,,,
body_p4,10,Al6061_body10_p4,CF0FEA34-836B-413B-B472-DF89D832DA95,2,44,2025-07-22 11:59:44.098457,106,-89.9995631963877,4,1,20,120.001,AUTO,4,ARMED,100,0.0,5,2647770.811,10,O9735.FNC,7,100,0,0,100,0.0,709602.711000001,5,1.38680766401684,4,495.852930119629,31,-99.8670012020172,605.6666666666666,5.636666666666667,UNAVAILABLE,27.287666666666667,60.02,D2C78EB3-CB26-4FDA-ABA9-353C0E6A1AB1,0.9566666666666668,CF0FEA34-836B-413B-B472-DF89D832DA95,0.7256666666666667,,,,,,133.20000000000002,,,,,,,,,,,,,,,,,,,,,,,,,
body_p4,10,Al6061_body10_p4,CF0FEA34-836B-413B-B472-DF89D832DA95,2,45,2025-07-22 11:59:45.098685,106,-89.9995631963877,14,1,20,120.001,AUTO,4,ARMED,100,440.1667,5,2647770.811,10,000454_D_A_PROGRAM_4.NC,8,100,0,28,100,3243.04293357339,709602.711000001,13,372.814225246337,6,107.330144303404,31,-99.8670012020172,2128.6666666666665,7.146666666666666,UNAVAILABLE,27.287666666666667,60.02,D2C78EB3-CB26-4FDA-ABA9-353C0E6A1AB1,1.0,CF0FEA34-836B-413B-B472-DF89D832DA95,0.7256666666666667,,,,,,132.70000000000002,,,,,,,,,,,,,,,,,,,,,,,,,
body_p4,10,Al6061_body10_p4,CF0FEA34-836B-413B-B472-DF89D832DA95,2,46,2025-07-22 11:59:46.098864,106,-89.9995631963877,15,1,20,120.001,AUTO,4,ARMED,100,42.43333,5,2647770.811,10,000454_D_A_PROGRAM_4.NC,9,100,0,13,100,6420.0,709602.711000001,6,379.846805990744,6,99.9539017288695,112,-442.086683490282,6125.666666666667,49.64333333333334,UNAVAILABLE,27.28933333333333,60.02,D2C78EB3-CB26-4FDA-ABA9-353C0E6A1AB1,0.9466666666666668,CF0FEA34-836B-413B-B472-DF89D832DA95,0.7256666666666667,,,,,,130.33333333333334,,,,,,,,,,,,,,,,,,,,,,,,,
body_p4,10,Al6061_body10_p4,CF0FEA34-836B-413B-B472-DF89D832DA95,2,47,2025-07-22 11:59:47.099136,106,-89.9995631963877,17,1,20,120.001,AUTO,4,ARMED,100,19.55,5,2647770.811,10,000454_D_A_PROGRAM_4.NC,10,100,0,1,100,6420.0,709602.711000001,5,379.846783102736,6,99.9538902850187,24,-463.981538254553,5913.0,48.900000000000006,UNAVAILABLE,27.290666666666667,60.02,D2C78EB3-CB26-4FDA-ABA9-353C0E6A1AB1,0.8933333333333334,CF0FEA34-836B-413B-B472-DF89D832DA95,0.7256666666666667,,,,,,130.29999999999998,,,,,,,,,,,,,,,,,,,,,,,,,
body_p4,16,Al6061_body16_p4,CF0FEA34-836B-413B-B472-DF89D832DA95,2,28,2025-07-29 14:07:28.855972,85,-90.0000631276327,14,1,1,-60.0005,AUTO,4,ARMED,100,633.3333,5,2714783.227,16,000454_D_A_PROGRAM_4.NC,12,100,0,0,100,1956.36247984567,741305.643000001,23,217.598266104385,18,270.150273631248,31,-99.8670012020172,561.3333333333334,5.003333333333334,UNAVAILABLE,42.80033333333333,60.01,D2C78EB3-CB26-4FDA-ABA9-353C0E6A1AB1,0.6633333333333332,CF0FEA34-836B-413B-B472-DF89D832DA95,1.3270000000000002,5400.0,1500.0,3.7,36.2,0.1,133.50000000000003,1100.0,200.0,4.4,23.2,0.3,9800.0,1900.0,5.3,23.1,0.1,32900.0,8900.0,3.7,25.4,0.3,4700.0,1100.0,4.4,24.2,0.1,1000.0,300.0,3.4,29.7,0.1
body_p4,16,Al6061_body16_p4,CF0FEA34-836B-413B-B472-DF89D832DA95,2,29,2025-07-29 14:07:29.856268,85,-89.9995631963877,15,1,1,-60.0,AUTO,4,ARMED,100,533.3333,5,2714783.227,16,000454_D_A_PROGRAM_4.NC,13,100,0,17,100,4925.27011855115,741305.643000001,5,379.846817434748,6,99.9538445096157,14,-235.157951927728,3125.0,27.44333333333333,UNAVAILABLE,42.80166666666667,60.01,D2C78EB3-CB26-4FDA-ABA9-353C0E6A1AB1,1.0,CF0FEA34-836B-413B-B472-DF89D832DA95,1.3270000000000002,12900.0,3100.0,4.1,36.2,0.3,132.16666666666666,300.0,100.0,4.4,23.2,0.1,1900.0,400.0,4.3,23.1,0.1,3700.0,900.0,4.2,25.4,0.2,35200.0,7900.0,4.5,24.2,0.2,54400.0,16700.0,3.3,29.8,1.7
body_p4,16,Al6061_body16_p4,CF0FEA34-836B-413B-B472-DF89D832DA95,2,30,2025-07-29 14:07:30.856447,85,-89.9995631963877,17,1,1,-60.0,AUTO,4,ARMED,100,19.55,5,2714783.227,16,000454_D_A_PROGRAM_4.NC,14,100,0,1,100,6420.0,741305.643000001,5,379.846805990744,6,99.9539017288695,24,-459.596745889149,6107.0,49.36333333333334,UNAVAILABLE,42.803,60.01,D2C78EB3-CB26-4FDA-ABA9-353C0E6A1AB1,0.9466666666666668,CF0FEA34-836B-413B-B472-DF89D832DA95,1.3270000000000002,2800.0,600.0,4.6,36.2,0.2,130.5666666666667,400.0,100.0,4.1,23.2,0.1,300.0,100.0,3.3,23.1,0.1,2300.0,700.0,3.5,25.4,0.2,1100.0,200.0,4.8,24.2,0.1,2200.0,500.0,4.0,29.8,0.2
body_p4,21,Al6061_body21_p4,CF0FEA34-836B-413B-B472-DF89D832DA95,2,23,2025-07-30 14:23:23.415589,17,-90.0003437746771,14,1,5,-60.0,AUTO,4,ARMED,100,633.3333,5,2738922.373,21,000454_D_A_PROGRAM_4.NC,19,100,0,21,100,1434.15603295107,754996.344000001,25,172.697486584489,17,317.251532048795,35,-99.8670012020172,488.0,4.35,UNAVAILABLE,48.87566666666667,59.98,D2C78EB3-CB26-4FDA-ABA9-353C0E6A1AB1,0.7200000000000001,CF0FEA34-836B-413B-B472-DF89D832DA95,1.569,300.0,100.0,3.8,36.0,0.1,131.56666666666666,200.0,0.0,3.6,23.5,0.0,200.0,0.0,4.9,22.6,0.0,400.0,200.0,2.3,25.6,0.0,700.0,100.0,9.8,24.6,0.0,300.0,100.0,3.6,29.8,0.1
body_p4,21,Al6061_body21_p4,CF0FEA34-836B-413B-B472-DF89D832DA95,2,24,2025-07-30 14:23:24.415886,17,-90.0003437746771,15,1,5,-60.0,AUTO,4,ARMED,100,483.8667,5,2738922.373,21,000454_D_A_PROGRAM_4.NC,20,100,0,17,100,4845.01488443483,754996.344000001,5,379.846817434748,7,99.9538445096157,12,-235.691178807951,568.3333333333334,6.513333333333333,UNAVAILABLE,48.87566666666667,59.99,D2C78EB3-CB26-4FDA-ABA9-353C0E6A1AB1,1.0,CF0FEA34-836B-413B-B472-DF89D832DA95,1.569,5600.0,1400.0,3.9,36.0,0.1,131.5,1600.0,400.0,4.3,23.5,0.3,11800.0,1900.0,6.1,22.6,0.1,32800.0,8700.0,3.8,25.6,0.3,3900.0,1100.0,3.5,24.6,0.1,900.0,200.0,3.8,29.8,0.1
body_p4,21,Al6061_body21_p4,CF0FEA34-836B-413B-B472-DF89D832DA95,2,25,2025-07-30 14:23:25.416129,17,-90.0003437746771,17,1,5,-60.0,AUTO,4,ARMED,100,19.55,5,2738922.373,21,000454_D_A_PROGRAM_4.NC,21,100,0,0,100,6420.0,754996.344000001,5,379.84679454674,6,99.953878841168,27,-456.085729309441,6078.333333333333,51.086666666666666,UNAVAILABLE,48.87833333333333,59.98,D2C78EB3-CB26-4FDA-ABA9-353C0E6A1AB1,0.9666666666666668,CF0FEA34-836B-413B-B472-DF89D832DA95,1.569,11400.0,2600.0,4.4,36.0,0.2,128.46666666666667,600.0,100.0,3.8,23.5,0.1,1800.0,500.0,3.9,22.6,0.1,3800.0,900.0,4.0,25.6,0.2,37700.0,7300.0,5.2,24.6,0.2,49400.0,15600.0,3.2,29.8,1.5
body_p4,22,Al6061_body22_p4,CF0FEA34-836B-413B-B472-DF89D832DA95,2,39,2025-07-30 14:27:39.574274,17,-90.0008437173813,4,1,26,-59.9995,AUTO,4,ARMED,100,0.0,5,2738922.373,22,O9735.FNC,18,100,0,0,100,0.0,754996.344000001,5,1.38679621920055,5,496.9534114729,35,-99.8670012020172,722.0,7.136666666666667,UNAVAILABLE,48.92166666666666,59.98,D2C78EB3-CB26-4FDA-ABA9-353C0E6A1AB1,1.0,CF0FEA34-836B-413B-B472-DF89D832DA95,1.569,20800.0,900.0,24.3,34.8,0.2,131.5,700.0,100.0,7.9,23.5,0.2,1700.0,200.0,10.5,22.7,0.2,2500.0,400.0,6.5,25.5,0.1,14200.0,700.0,20.5,24.7,0.2,4900.0,400.0,13.6,29.7,0.4
body_p4,22,Al6061_body22_p4,CF0FEA34-836B-413B-B472-DF89D832DA95,2,40,2025-07-30 14:27:40.574539,17,-90.0003437746771,14,1,26,-59.9995,AUTO,4,ARMED,100,633.3333,5,2738922.373,22,000454_D_A_PROGRAM_4.NC,19,100,0,41,100,2364.02042778242,754996.344000001,21,311.99139716912,15,171.134061791118,35,-99.8670012020172,451.6666666666667,3.9933333333333336,UNAVAILABLE,48.92166666666666,59.98,D2C78EB3-CB26-4FDA-ABA9-353C0E6A1AB1,0.7466666666666667,CF0FEA34-836B-413B-B472-DF89D832DA95,1.569,300.0,100.0,4.0,34.8,0.1,131.73333333333335,1100.0,200.0,6.6,23.5,0.3,2300.0,300.0,7.1,22.7,0.0,34200.0,4300.0,8.0,25.5,0.1,400.0,100.0,7.0,24.7,0.0,400.0,100.0,4.0,29.7,0.1
body_p4,22,Al6061_body22_p4,CF0FEA34-836B-413B-B472-DF89D832DA95,2,41,2025-07-30 14:27:41.574768,17,-90.0003437746771,15,1,26,-59.9995,AUTO,4,ARMED,100,531.75,5,2738922.373,22,000454_D_A_PROGRAM_4.NC,20,100,0,15,100,5632.68305943041,754996.344000001,5,379.846783102736,6,99.9538902850187,15,-378.091175517455,4906.0,43.44333333333333,UNAVAILABLE,48.922666666666665,59.98,D2C78EB3-CB26-4FDA-ABA9-353C0E6A1AB1,1.0,CF0FEA34-836B-413B-B472-DF89D832DA95,1.569,8000.0,1800.0,4.5,34.8,0.1,129.33333333333334,1500.0,300.0,5.9,23.5,0.3,10900.0,1700.0,6.6,22.7,0.1,34000.0,7100.0,4.8,25.5,0.3,4000.0,1000.0,4.2,24.7,0.0,800.0,200.0,4.0,29.7,0.1
body_p4,22,Al6061_body22_p4,CF0FEA34-836B-413B-B472-DF89D832DA95,2,42,2025-07-30 14:27:42.575007,17,-90.0003437746771,17,1,26,-59.9995,AUTO,4,ARMED,100,19.55,5,2738922.373,22,000454_D_A_PROGRAM_4.NC,21,100,0,0,100,6420.0,754996.344000001,5,379.846783102736,6,99.9539017288695,24,-461.620760732403,5921.333333333333,52.18333333333333,UNAVAILABLE,48.92433333333333,59.98,D2C78EB3-CB26-4FDA-ABA9-353C0E6A1AB1,0.8833333333333333,CF0FEA34-836B-413B-B472-DF89D832DA95,1.569,12500.0,3100.0,4.0,34.8,0.2,128.66666666666666,400.0,100.0,5.1,23.5,0.1,1900.0,400.0,4.9,22.7,0.1,3200.0,800.0,3.9,25.5,0.2,30300.0,6900.0,4.4,24.7,0.2,55100.0,14300.0,3.9,29.7,1.3
body_p4,23,Al6061_body23_p4,CF0FEA34-836B-413B-B472-DF89D832DA95,2,20,2025-07-30 14:32:20.643807,17,-90.0008437173813,28,1,1,-60.0,AUTO,4,ARMED,100,0.0,5,2739282.863,23,O9735.FNC,18,100,0,0,100,0.0,754996.344000001,5,1.38680766401684,5,496.953400028809,35,-99.8670012020172,679.6666666666666,6.72,UNAVAILABLE,48.97,59.97,D2C78EB3-CB26-4FDA-ABA9-353C0E6A1AB1,0.7666666666666666,CF0FEA34-836B-413B-B472-DF89D832DA95,1.569,16800.0,700.0,24.7,33.9,0.3,131.6,700.0,100.0,7.4,23.6,0.2,1500.0,100.0,10.4,22.7,0.2,2500.0,400.0,6.9,25.5,0.1,10900.0,600.0,18.7,24.8,0.2,4100.0,300.0,13.2,29.9,0.5
body_p4,23,Al6061_body23_p4,CF0FEA34-836B-413B-B472-DF89D832DA95,2,21,2025-07-30 14:32:21.644005,17,-90.0003437746771,14,1,1,-59.9995,AUTO,4,ARMED,100,633.3333,5,2739282.863,23,000454_D_A_PROGRAM_4.NC,19,100,0,0,100,2010.88526669111,754996.344000001,24,249.28107556169,17,236.915651592527,35,-99.8670012020172,444.0,3.893333333333333,UNAVAILABLE,48.97,59.97,D2C78EB3-CB26-4FDA-ABA9-353C0E6A1AB1,1.0,CF0FEA34-836B-413B-B472-DF89D832DA95,1.569,300.0,100.0,3.7,33.9,0.1,131.76666666666668,800.0,100.0,5.7,23.6,0.3,1000.0,100.0,10.6,22.7,0.0,16100.0,2000.0,8.1,25.5,0.1,200.0,100.0,3.9,24.8,0.0,600.0,100.0,6.9,29.9,0.1
body_p4,23,Al6061_body23_p4,CF0FEA34-836B-413B-B472-DF89D832DA95,2,22,2025-07-30 14:32:22.644288,17,-90.0003437746771,15,1,1,-60.0,AUTO,4,ARMED,100,531.05,5,2739282.863,23,000454_D_A_PROGRAM_4.NC,20,100,0,15,100,5358.89819761397,754996.344000001,5,379.846805990744,6,99.9538902850187,15,-328.756689986197,3895.0,35.32666666666666,UNAVAILABLE,48.971,59.97,D2C78EB3-CB26-4FDA-ABA9-353C0E6A1AB1,1.0,CF0FEA34-836B-413B-B472-DF89D832DA95,1.569,6700.0,1400.0,4.7,33.9,0.1,129.86666666666667,1700.0,400.0,4.8,23.6,0.3,11800.0,2000.0,5.9,22.7,0.1,35000.0,8300.0,4.2,25.5,0.3,4300.0,1100.0,4.0,24.8,0.1,900.0,200.0,3.8,29.9,0.2
body_p4,23,Al6061_body23_p4,CF0FEA34-836B-413B-B472-DF89D832DA95,2,23,2025-07-30 14:32:23.644559,17,-90.0003437746771,17,1,1,-60.0,AUTO,4,ARMED,100,19.55,5,2739282.863,23,000454_D_A_PROGRAM_4.NC,21,100,0,2,100,6420.0,754996.344000001,5,379.846805990744,6,99.9539017288695,24,-459.102821356831,5899.0,49.46666666666667,UNAVAILABLE,48.97266666666667,59.98,D2C78EB3-CB26-4FDA-ABA9-353C0E6A1AB1,0.9266666666666667,CF0FEA34-836B-413B-B472-DF89D832DA95,1.569,12600.0,3200.0,3.9,33.9,0.2,128.7,400.0,100.0,4.3,23.6,0.1,2000.0,400.0,5.0,22.7,0.1,2900.0,900.0,3.4,25.5,0.2,30900.0,7300.0,4.2,24.8,0.2,52100.0,16000.0,3.3,29.9,1.5
body_p4,24,Al6061_body24_p4,CF0FEA34-836B-413B-B472-DF89D832DA95,2,45,2025-07-30 14:36:45.117827,17,-90.0003437746771,14,1,7,-59.9995,AUTO,4,ARMED,100,416.8,5,2739643.356,24,000454_D_A_PROGRAM_4.NC,18,100,0,0,100,87.7420247053224,754996.344000001,69,28.9284872327335,54,468.061379001721,35,-99.8670012020172,646.6666666666666,6.010000000000001,UNAVAILABLE,49.01666666666667,59.98,D2C78EB3-CB26-4FDA-ABA9-353C0E6A1AB1,0.6933333333333334,CF0FEA34-836B-413B-B472-DF89D832DA95,1.569,4500.0,300.0,15.4,33.3,0.2,131.93333333333334,200.0,0.0,4.0,23.7,0.0,300.0,100.0,5.9,22.8,0.1,800.0,200.0,4.2,25.7,0.1,1500.0,200.0,8.5,25.0,0.2,800.0,100.0,5.4,30.1,0.3
body_p4,24,Al6061_body24_p4,CF0FEA34-836B-413B-B472-DF89D832DA95,2,46,2025-07-30 14:36:46.118102,17,-90.0003437746771,14,1,7,-59.9995,AUTO,4,ARMED,100,5.333333,5,2739643.356,24,000454_D_A_PROGRAM_4.NC,20,100,0,21,100,3562.34352732398,754996.344000001,7,379.788269910598,9,100.01783852301,35,-99.8670012020172,1495.6666666666667,17.463333333333335,UNAVAILABLE,49.01666666666667,59.98,D2C78EB3-CB26-4FDA-ABA9-353C0E6A1AB1,1.0,CF0FEA34-836B-413B-B472-DF89D832DA95,1.569,4400.0,1000.0,4.4,33.3,0.1,131.5,1800.0,500.0,4.0,23.7,0.4,9100.0,1800.0,5.1,22.8,0.1,39100.0,9600.0,4.1,25.7,0.3,4300.0,800.0,5.5,25.0,0.0,900.0,200.0,4.9,30.1,0.1
body_p4,24,Al6061_body24_p4,CF0FEA34-836B-413B-B472-DF89D832DA95,2,47,2025-07-30 14:36:47.118342,17,-90.0003437746771,16,1,7,-59.9995,AUTO,4,ARMED,100,43.28333,5,2739643.356,24,000454_D_A_PROGRAM_4.NC,21,100,0,13,100,6420.0,754996.344000001,6,379.846783102736,6,99.9539017288695,63,-442.12856945826,6036.0,50.61333333333334,UNAVAILABLE,49.018,59.98,D2C78EB3-CB26-4FDA-ABA9-353C0E6A1AB1,1.0,CF0FEA34-836B-413B-B472-DF89D832DA95,1.569,9500.0,1800.0,5.2,33.3,0.2,129.0,500.0,100.0,4.3,23.7,0.2,1900.0,300.0,5.9,22.8,0.0,3200.0,600.0,5.2,25.7,0.1,26700.0,3400.0,7.8,25.0,0.1,46500.0,8300.0,5.6,30.1,0.9
body_p4,24,Al6061_body24_p4,CF0FEA34-836B-413B-B472-DF89D832DA95,2,48,2025-07-30 14:36:48.118587,17,-90.0003437746771,19,1,7,-59.9995,AUTO,4,ARMED,100,117.4333,5,2739643.356,24,000454_D_A_PROGRAM_4.NC,21,100,0,0,100,6420.0,754996.344000001,5,379.846805990744,6,99.9539017288695,87,-454.568427102685,4692.0,50.09333333333334,UNAVAILABLE,49.019666666666666,59.98,D2C78EB3-CB26-4FDA-ABA9-353C0E6A1AB1,0.7266666666666666,CF0FEA34-836B-413B-B472-DF89D832DA95,1.569,9500.0,2000.0,4.8,33.3,0.3,129.66666666666666,300.0,100.0,3.7,23.7,0.1,300.0,100.0,3.8,22.8,0.1,1900.0,600.0,3.1,25.7,0.2,8800.0,700.0,12.3,25.0,0.1,10700.0,1500.0,7.3,30.1,0.3
body_p4,25,Al6061_body25_p4,CF0FEA34-836B-413B-B472-DF89D832DA95,4,64,2025-07-30 14:41:04.184692,17,-90.0008437173813,14,1,33,-59.9995,AUTO,4,ARMED,100,0.0,5,2740003.57,25,000454_D_A_PROGRAM_4.NC,18,100,0,0,100,0.0,754996.344000001,5,2.1525567603272,5,496.152387669678,35,-99.8670012020172,644.6666666666666,5.976666666666667,UNAVAILABLE,49.062666666666665,59.98,D2C78EB3-CB26-4FDA-ABA9-353C0E6A1AB1,0.6699999999999999,CF0FEA34-836B-413B-B472-DF89D832DA95,1.569,2100.0,200.0,12.1,32.6,0.2,131.96666666666667,200.0,0.0,4.0,23.7,0.0,300.0,100.0,4.7,22.9,0.1,600.0,200.0,3.2,25.7,0.1,1700.0,200.0,10.2,25.3,0.1,500.0,100.0,4.8,30.1,0.2
body_p4,25,Al6061_body25_p4,CF0FEA34-836B-413B-B472-DF89D832DA95,4,65,2025-07-30 14:41:05.184994,17,-90.0003437746771,14,1,33,-59.9995,AUTO,4,ARMED,100,496.9667,5,2740003.57,25,000454_D_A_PROGRAM_4.NC,19,100,0,26,100,3357.99476406324,754996.344000001,63,378.230466318448,49,101.651537652294,35,-99.8670012020172,559.3333333333334,6.423333333333335,UNAVAILABLE,49.062666666666665,59.98,D2C78EB3-CB26-4FDA-ABA9-353C0E6A1AB1,1.0,CF0FEA34-836B-413B-B472-DF89D832DA95,1.569,4000.0,600.0,6.3,32.6,0.1,132.1,1700.0,400.0,4.4,23.7,0.5,8100.0,1200.0,6.6,22.9,0.1,40400.0,8100.0,5.0,25.7,0.2,2800.0,500.0,6.1,25.3,0.0,700.0,100.0,5.3,30.1,0.1
body_p4,25,Al6061_body25_p4,CF0FEA34-836B-413B-B472-DF89D832DA95,4,66,2025-07-30 14:41:06.185228,17,-90.0003437746771,15,1,33,-59.9995,AUTO,4,ARMED,100,420.2333,5,2740003.57,25,000454_D_A_PROGRAM_4.NC,21,100,0,13,100,6420.0,754996.344000001,5,379.846805990744,6,99.9539017288695,47,-442.092394172801,5776.0,49.193333333333335,UNAVAILABLE,49.06366666666667,59.98,D2C78EB3-CB26-4FDA-ABA9-353C0E6A1AB1,1.0,CF0FEA34-836B-413B-B472-DF89D832DA95,1.569,8100.0,1900.0,4.3,32.6,0.1,129.16666666666666,500.0,100.0,5.0,23.7,0.3,10000.0,900.0,11.4,22.9,0.1,21900.0,2500.0,8.9,25.7,0.2,9600.0,1000.0,10.2,25.3,0.0,31000.0,3200.0,9.7,30.1,0.3
body_p4,25,Al6061_body25_p4,CF0FEA34-836B-413B-B472-DF89D832DA95,4,67,2025-07-30 14:41:07.185532,17,-90.0003437746771,18,1,33,-59.9995,AUTO,4,ARMED,100,3.0,5,2740003.57,25,000454_D_A_PROGRAM_4.NC,21,100,0,2,100,6420.0,754996.344000001,5,379.846805990744,6,99.9538902850187,23,-461.565946177144,5977.333333333333,50.35666666666666,UNAVAILABLE,49.06466666666668,59.98,D2C78EB3-CB26-4FDA-ABA9-353C0E6A1AB1,0.9366666666666666,CF0FEA34-836B-413B-B472-DF89D832DA95,1.569,13400.0,2800.0,4.9,32.6,0.3,129.0666666666667,200.0,100.0,3.6,23.7,0.1,1100.0,100.0,8.2,22.9,0.1,2200.0,700.0,3.3,25.7,0.2,26900.0,3700.0,7.2,25.3,0.1,52600.0,9100.0,5.8,30.1,0.9
body_p4,26,Al6061_body26_p4,CF0FEA34-836B-413B-B472-DF89D832DA95,2,15,2025-07-31 13:19:15.806051,0,-89.9995631963877,14,1,18,-60.0,AUTO,4,ARMED,100,454.1667,5,2758021.162,26,000454_D_A_PROGRAM_4.NC,9,100,0,12,100,363.98320142142,767248.463999999,46,45.0800229877367,36,451.11949234869,35,-99.8670012020172,501.6666666666667,4.3933333333333335,UNAVAILABLE,54.21933333333334,59.99,D2C78EB3-CB26-4FDA-ABA9-353C0E6A1AB1,0.7600000000000001,CF0FEA34-836B-413B-B472-DF89D832DA95,1.8043333333333331,4700.0,1000.0,4.5,36.4,0.1,133.6,2100.0,500.0,4.0,23.6,0.4,7600.0,1600.0,4.8,23.3,0.2,36400.0,9700.0,3.7,25.7,0.3,3400.0,800.0,4.5,24.6,0.1,800.0,200.0,4.3,29.8,0.2
body_p4,26,Al6061_body26_p4,CF0FEA34-836B-413B-B472-DF89D832DA95,2,16,2025-07-31 13:19:16.806254,0,-89.9995631963877,14,1,18,-60.0,AUTO,4,ARMED,100,21.53333,5,2758021.162,26,000454_D_A_PROGRAM_4.NC,10,100,0,22,100,4137.83469227811,767248.463999999,0,379.846886098772,3,99.9537529588097,35,-117.69666285396,501.6666666666667,4.3933333333333335,UNAVAILABLE,54.21933333333334,59.99,D2C78EB3-CB26-4FDA-ABA9-353C0E6A1AB1,0.7600000000000001,CF0FEA34-836B-413B-B472-DF89D832DA95,1.8043333333333331,11100.0,1900.0,5.9,36.4,0.2,133.6,800.0,200.0,4.1,23.6,0.2,1500.0,300.0,5.0,23.3,0.0,3900.0,700.0,5.4,25.7,0.2,27100.0,3700.0,7.3,24.6,0.1,49500.0,9100.0,5.5,29.8,0.9
body_p4,26,Al6061_body26_p4,CF0FEA34-836B-413B-B472-DF89D832DA95,2,17,2025-07-31 13:19:17.806463,0,-89.9995631963877,16,1,18,-60.0,AUTO,4,ARMED,100,52.55,5,2758021.162,26,000454_D_A_PROGRAM_4.NC,11,100,0,13,100,6420.0,767248.463999999,5,379.84679454674,6,99.9539017288695,18,-447.031585227979,6239.0,51.7,UNAVAILABLE,54.22166666666667,59.99,D2C78EB3-CB26-4FDA-ABA9-353C0E6A1AB1,0.9566666666666668,CF0FEA34-836B-413B-B472-DF89D832DA95,1.8043333333333331,7500.0,1700.0,4.3,36.4,0.3,130.46666666666667,300.0,100.0,3.7,23.6,0.1,300.0,100.0,3.6,23.3,0.1,2100.0,600.0,3.4,25.7,0.2,4600.0,500.0,9.0,24.6,0.1,11700.0,1400.0,8.3,29.8,0.2
body_p4,26,Al6061_body26_p4,CF0FEA34-836B-413B-B472-DF89D832DA95,2,18,2025-07-31 13:19:18.806815,0,-89.9995631963877,19,1,18,-60.0,AUTO,4,ARMED,100,0.0,5,2758021.162,26,000454_D_A_PROGRAM_4.NC,12,100,0,2,100,6420.0,767248.463999999,5,379.84679454674,6,99.9539017288695,50,-443.787991816425,1718.6666666666667,21.58333333333333,UNAVAILABLE,54.22233333333333,59.99,D2C78EB3-CB26-4FDA-ABA9-353C0E6A1AB1,0.3233333333333333,CF0FEA34-836B-413B-B472-DF89D832DA95,1.8043333333333331,2900.0,600.0,4.9,36.4,0.2,132.83333333333334,300.0,100.0,3.7,23.6,0.1,500.0,100.0,4.6,23.3,0.1,1700.0,500.0,3.1,25.7,0.1,6300.0,900.0,7.4,24.6,0.1,21100.0,3400.0,6.3,29.8,0.3
body_p4,27,Al6061_body27_p4,CF0FEA34-836B-413B-B472-DF89D832DA95,2,22,2025-07-31 13:23:22.869940,0,-89.9995631963877,4,1,3,-60.0,AUTO,4,ARMED,100,0.0,5,2758381.165,27,O9735.FNC,9,100,0,0,100,0.0,767248.463999999,4,1.38679621920055,5,496.953400028809,35,-99.8669897586013,589.0,5.11,UNAVAILABLE,54.26066666666666,59.99,D2C78EB3-CB26-4FDA-ABA9-353C0E6A1AB1,0.73,CF0FEA34-836B-413B-B472-DF89D832DA95,1.8043333333333331,200.0,100.0,4.2,35.2,0.0,133.5,1300.0,200.0,7.3,23.5,0.3,2000.0,200.0,9.7,23.3,0.0,21700.0,2700.0,8.0,25.6,0.1,200.0,100.0,3.9,24.7,0.0,600.0,100.0,6.8,29.8,0.0
body_p4,27,Al6061_body27_p4,CF0FEA34-836B-413B-B472-DF89D832DA95,2,23,2025-07-31 13:23:23.870089,0,-89.9995631963877,14,1,3,-60.0,AUTO,4,ARMED,100,633.3333,5,2758381.165,27,000454_D_A_PROGRAM_4.NC,10,100,0,37,100,2615.12643291551,767248.463999999,20,304.889380151629,18,178.583826081068,35,-99.8669897586013,524.3333333333334,4.616666666666666,UNAVAILABLE,54.26066666666666,59.99,D2C78EB3-CB26-4FDA-ABA9-353C0E6A1AB1,0.6933333333333334,CF0FEA34-836B-413B-B472-DF89D832DA95,1.8043333333333331,6200.0,1600.0,4.0,35.2,0.1,133.56666666666666,2100.0,300.0,6.0,23.5,0.3,9600.0,1700.0,5.6,23.3,0.1,33100.0,7700.0,4.3,25.6,0.2,3600.0,1000.0,3.6,24.7,0.1,800.0,200.0,4.1,29.8,0.1
body_p4,27,Al6061_body27_p4,CF0FEA34-836B-413B-B472-DF89D832DA95,2,24,2025-07-31 13:23:24.870241,0,-89.9995631963877,15,1,3,-60.0,AUTO,4,ARMED,100,533.3333,5,2758381.165,27,000454_D_A_PROGRAM_4.NC,11,100,0,14,100,5660.40919273442,767248.463999999,5,379.846805990744,6,99.953878841168,14,-396.572500564344,2957.0,26.15,UNAVAILABLE,54.26133333333333,59.99,D2C78EB3-CB26-4FDA-ABA9-353C0E6A1AB1,0.9966666666666668,CF0FEA34-836B-413B-B472-DF89D832DA95,1.8043333333333331,11800.0,3300.0,3.6,35.1,0.2,132.33333333333334,600.0,100.0,5.4,23.5,0.1,2000.0,400.0,5.0,23.3,0.1,3400.0,800.0,4.3,25.6,0.2,33400.0,7500.0,4.5,24.7,0.2,52000.0,15300.0,3.4,29.8,1.4
body_p4,27,Al6061_body27_p4,CF0FEA34-836B-413B-B472-DF89D832DA95,2,25,2025-07-31 13:23:25.870455,0,-89.9995631963877,17,1,3,-60.0,AUTO,4,ARMED,100,19.55,5,2758381.165,27,000454_D_A_PROGRAM_4.NC,12,100,0,1,100,6420.0,767248.463999999,5,379.846817434748,6,99.9538902850187,25,-461.61597712595,4390.0,41.41,UNAVAILABLE,54.26466666666666,59.99,D2C78EB3-CB26-4FDA-ABA9-353C0E6A1AB1,0.6766666666666667,CF0FEA34-836B-413B-B472-DF89D832DA95,1.8043333333333331,2500.0,600.0,4.0,35.1,0.2,131.43333333333334,400.0,100.0,3.9,23.5,0.1,500.0,100.0,4.0,23.3,0.1,2100.0,600.0,3.4,25.6,0.2,2400.0,300.0,7.5,24.7,0.1,5900.0,700.0,8.3,29.8,0.2
body_p4,28,Al6061_body28_p4,CF0FEA34-836B-413B-B472-DF89D832DA95,2,22,2025-07-31 13:27:22.919712,0,-89.9995631963877,14,1,13,-60.0,AUTO,4,ARMED,100,380.9667,5,2758381.165,28,000454_D_A_PROGRAM_4.NC,9,100,0,31,100,151.400419964465,767248.463999999,70,29.6904681922788,58,467.263634610355,35,-99.8670012020172,581.6666666666666,5.216666666666667,UNAVAILABLE,54.302,60.0,D2C78EB3-CB26-4FDA-ABA9-353C0E6A1AB1,0.9966666666666668,CF0FEA34-836B-413B-B472-DF89D832DA95,1.8043333333333331,4500.0,900.0,4.7,34.2,0.1,133.46666666666667,1900.0,500.0,4.2,23.5,0.4,8200.0,1400.0,5.8,23.3,0.1,39900.0,9100.0,4.4,25.5,0.2,3900.0,700.0,6.0,24.8,0.0,900.0,200.0,5.3,29.7,0.1
body_p4,28,Al6061_body28_p4,CF0FEA34-836B-413B-B472-DF89D832DA95,2,23,2025-07-31 13:27:23.919906,0,-89.9995631963877,14,1,13,-60.0,AUTO,4,ARMED,100,318.4167,5,2758381.165,28,000454_D_A_PROGRAM_4.NC,10,100,0,24,100,3986.66979891316,767248.463999999,84,379.843979321771,64,99.9576438680647,35,-99.8670012020172,493.0,4.303333333333334,UNAVAILABLE,54.302,60.0,D2C78EB3-CB26-4FDA-ABA9-353C0E6A1AB1,1.0,CF0FEA34-836B-413B-B472-DF89D832DA95,1.8043333333333331,8400.0,1800.0,4.6,34.2,0.2,133.5,600.0,100.0,4.2,23.5,0.2,2400.0,300.0,7.0,23.3,0.1,3100.0,700.0,4.7,25.5,0.1,24100.0,2900.0,8.4,24.8,0.1,47100.0,7500.0,6.3,29.7,0.8
body_p4,28,Al6061_body28_p4,CF0FEA34-836B-413B-B472-DF89D832DA95,2,24,2025-07-31 13:27:24.920065,0,-89.9995631963877,15,1,13,-60.0,AUTO,4,ARMED,100,239.5333,5,2758381.165,28,000454_D_A_PROGRAM_4.NC,11,100,0,13,100,6420.0,767248.463999999,5,379.84679454674,6,99.9538902850187,27,-447.056945693837,5052.333333333333,43.85999999999999,UNAVAILABLE,54.303333333333335,60.0,D2C78EB3-CB26-4FDA-ABA9-353C0E6A1AB1,1.0,CF0FEA34-836B-413B-B472-DF89D832DA95,1.8043333333333331,10400.0,2100.0,5.0,34.2,0.3,131.03333333333333,200.0,100.0,3.6,23.5,0.1,400.0,100.0,3.8,23.3,0.1,2100.0,600.0,3.4,25.5,0.2,18600.0,1500.0,12.8,24.8,0.1,31000.0,2700.0,11.3,29.7,0.4
body_p4,28,Al6061_body28_p4,CF0FEA34-836B-413B-B472-DF89D832DA95,2,25,2025-07-31 13:27:25.920218,0,-89.9995631963877,19,1,13,-60.0,AUTO,4,ARMED,100,68.63333,5,2758381.165,28,000454_D_A_PROGRAM_4.NC,12,100,0,2,100,6420.0,767248.463999999,5,379.846783102736,6,99.9538902850187,73,-450.058391084155,6011.0,49.71,UNAVAILABLE,54.30533333333333,60.0,D2C78EB3-CB26-4FDA-ABA9-353C0E6A1AB1,0.8866666666666667,CF0FEA34-836B-413B-B472-DF89D832DA95,1.8043333333333331,2800.0,700.0,4.2,34.2,0.2,130.53333333333333,300.0,100.0,3.7,23.5,0.1,500.0,100.0,4.8,23.3,0.1,1500.0,500.0,2.8,25.5,0.1,6800.0,900.0,7.7,24.8,0.1,20200.0,3300.0,6.0,29.7,0.3
body_p4,29,Al6061_body29_p4,CF0FEA34-836B-413B-B472-DF89D832DA95,2,20,2025-07-31 13:31:20.127638,0,-89.9995631963877,14,1,10,-60.0,AUTO,4,ARMED,100,628.2167,5,2758741.517,29,000454_D_A_PROGRAM_4.NC,10,100,0,37,100,470.793086738817,767248.463999999,71,51.853847915167,58,444.011934686745,35,-99.8670012020172,698.0,6.0633333333333335,UNAVAILABLE,54.342666666666666,59.98,D2C78EB3-CB26-4FDA-ABA9-353C0E6A1AB1,0.8866666666666667,CF0FEA34-836B-413B-B472-DF89D832DA95,1.8043333333333331,4900.0,1000.0,4.7,33.5,0.1,133.4,2000.0,500.0,3.7,23.5,0.4,10500.0,1700.0,6.1,23.4,0.1,36100.0,9800.0,3.7,25.6,0.3,3600.0,800.0,4.3,25.0,0.0,800.0,200.0,4.0,29.8,0.1
body_p4,29,Al6061_body29_p4,CF0FEA34-836B-413B-B472-DF89D832DA95,2,21,2025-07-31 13:31:21.127962,0,-89.9995631963877,14,1,10,-60.0,AUTO,4,ARMED,100,166.8667,5,2758741.517,29,000454_D_A_PROGRAM_4.NC,10,100,0,20,100,4066.7686354779,767248.463999999,6,379.846886098772,8,99.9537529588097,29,-108.928315194567,460.0,3.9666666666666655,UNAVAILABLE,54.342666666666666,59.97,D2C78EB3-CB26-4FDA-ABA9-353C0E6A1AB1,1.0,CF0FEA34-836B-413B-B472-DF89D832DA95,1.8043333333333331,9800.0,2100.0,4.8,33.5,0.2,133.5,600.0,200.0,3.9,23.5,0.1,1800.0,300.0,5.2,23.4,0.1,3300.0,700.0,4.5,25.6,0.1,28000.0,4400.0,6.3,25.0,0.1,47500.0,10600.0,4.5,29.8,1.1
body_p4,29,Al6061_body29_p4,CF0FEA34-836B-413B-B472-DF89D832DA95,2,22,2025-07-31 13:31:22.128269,0,-89.9995631963877,16,1,10,-60.0,AUTO,4,ARMED,100,62.71667,5,2758741.517,29,000454_D_A_PROGRAM_4.NC,12,100,0,13,100,6420.0,767248.463999999,5,379.846817434748,6,99.9538902850187,25,-451.272447931777,3686.6666666666665,32.88333333333333,UNAVAILABLE,54.34366666666667,59.98,D2C78EB3-CB26-4FDA-ABA9-353C0E6A1AB1,1.0,CF0FEA34-836B-413B-B472-DF89D832DA95,1.8043333333333331,8800.0,1900.0,4.7,33.5,0.4,131.76666666666668,300.0,100.0,4.4,23.5,0.1,400.0,100.0,4.0,23.4,0.1,2200.0,600.0,3.4,25.6,0.2,3600.0,400.0,8.8,25.0,0.1,8800.0,1400.0,6.3,29.8,0.3
body_p4,29,Al6061_body29_p4,CF0FEA34-836B-413B-B472-DF89D832DA95,2,23,2025-07-31 13:31:23.128551,0,-89.9995631963877,19,1,10,-60.0,AUTO,4,ARMED,100,102.8,5,2758741.517,29,000454_D_A_PROGRAM_4.NC,12,100,0,1,100,6420.0,767248.463999999,5,379.84679454674,6,99.9539017288695,46,-442.107579013262,6011.333333333333,50.02666666666666,UNAVAILABLE,54.346,59.98,D2C78EB3-CB26-4FDA-ABA9-353C0E6A1AB1,0.9366666666666666,CF0FEA34-836B-413B-B472-DF89D832DA95,1.8043333333333331,3200.0,700.0,4.7,33.5,0.2,130.46666666666667,300.0,100.0,3.8,23.5,0.1,500.0,100.0,4.8,23.4,0.1,1900.0,600.0,3.2,25.6,0.2,6500.0,800.0,7.7,25.0,0.1,20100.0,3300.0,6.1,29.8,0.3
body_p4,30,Al6061_body30_p4,CF0FEA34-836B-413B-B472-DF89D832DA95,2,11,2025-07-31 13:35:11.177203,0,-89.9995631963877,14,1,3,-60.0,AUTO,4,ARMED,100,345.15,5,2759101.812,30,000454_D_A_PROGRAM_4.NC,9,100,0,0,100,210.794442856652,767248.463999999,67,51.6522814456675,54,444.224398154985,35,-99.8670012020172,600.0,5.556666666666668,UNAVAILABLE,54.382666666666665,59.98,D2C78EB3-CB26-4FDA-ABA9-353C0E6A1AB1,0.7999999999999999,CF0FEA34-836B-413B-B472-DF89D832DA95,1.8043333333333331,4800.0,1000.0,4.7,32.9,0.1,133.9333333333333,2000.0,500.0,3.9,23.5,0.4,8900.0,1600.0,5.5,23.5,0.1,37600.0,9300.0,4.0,25.7,0.3,3700.0,700.0,5.2,25.2,0.1,800.0,200.0,4.9,29.9,0.1
body_p4,30,Al6061_body30_p4,CF0FEA34-836B-413B-B472-DF89D832DA95,2,12,2025-07-31 13:35:12.177375,0,-89.9995631963877,14,1,3,-60.0,AUTO,4,ARMED,100,0.01666667,5,2759101.812,30,000454_D_A_PROGRAM_4.NC,10,100,0,22,100,4073.84707902061,767248.463999999,4,379.846725882717,6,99.9539589481232,35,-101.453344740121,461.0,3.956666666666667,UNAVAILABLE,54.383,59.98,D2C78EB3-CB26-4FDA-ABA9-353C0E6A1AB1,0.6866666666666665,CF0FEA34-836B-413B-B472-DF89D832DA95,1.8043333333333331,8200.0,1900.0,4.3,32.9,0.2,133.9333333333333,600.0,100.0,4.2,23.5,0.2,2400.0,400.0,6.7,23.5,0.0,4400.0,700.0,6.5,25.7,0.1,23000.0,2900.0,8.0,25.2,0.1,48400.0,7200.0,6.7,29.9,0.8
body_p4,30,Al6061_body30_p4,CF0FEA34-836B-413B-B472-DF89D832DA95,2,13,2025-07-31 13:35:13.177585,0,-89.9995631963877,16,1,3,-60.0,AUTO,4,ARMED,100,63.11667,5,2759101.812,30,000454_D_A_PROGRAM_4.NC,11,100,0,4,100,6420.0,767248.463999999,5,379.846805990744,6,99.9538902850187,41,-451.272425043269,3896.6666666666665,34.546666666666674,UNAVAILABLE,54.38433333333334,59.97,D2C78EB3-CB26-4FDA-ABA9-353C0E6A1AB1,1.0,CF0FEA34-836B-413B-B472-DF89D832DA95,1.8043333333333331,10500.0,2200.0,4.8,32.9,0.3,132.20000000000002,300.0,100.0,3.9,23.5,0.1,400.0,100.0,4.2,23.5,0.1,2300.0,600.0,3.6,25.7,0.2,12000.0,1100.0,11.3,25.2,0.1,27400.0,2400.0,11.5,29.9,0.3
body_p4,30,Al6061_body30_p4,CF0FEA34-836B-413B-B472-DF89D832DA95,2,14,2025-07-31 13:35:14.177793,0,-89.9995631963877,19,1,3,-60.0,AUTO,4,ARMED,100,102.7333,5,2759101.812,30,000454_D_A_PROGRAM_4.NC,12,100,0,1,100,6420.0,767248.463999999,5,379.846817434748,6,99.9538902850187,62,-454.527032776416,5950.0,49.72666666666667,UNAVAILABLE,54.385333333333335,59.98,D2C78EB3-CB26-4FDA-ABA9-353C0E6A1AB1,0.9266666666666667,CF0FEA34-836B-413B-B472-DF89D832DA95,1.8043333333333331,3800.0,700.0,5.2,32.9,0.2,130.93333333333334,300.0,100.0,3.9,23.5,0.1,500.0,100.0,4.2,23.5,0.1,1700.0,600.0,3.0,25.7,0.1,7400.0,900.0,8.2,25.2,0.1,20700.0,3300.0,6.3,29.9,0.3
