region_code,region_full_name,parent,co2_moer,co2_aoer,health_damage
ABW,Aruba,,Y,,
AECI,Associated Electric Coop Inc,,Y,Y,
AESO,Alberta Electric System Operator,,Y,Y,
ATG,Antigua and Barbuda,,Y,,
AVA,Avista Corp,,Y,Y,
AZPS,Arizona Public Service Co,,Y,Y,
BANC,Balancing Authority of Northern California,,Y,Y,
BCHYDRO,BC Hydro,,Y,Y,
BHS,Bahamas (the),,Y,,
BLZ,Belize,,Y,,
BMU,Bermuda,,Y,,
BPA,Bonneville Power Administration,,Y,Y,
BRB,Barbados,,Y,,
CAISO,California Independent System Operator,,,Y,
CAISO_ESCONDIDO,California ISO Escondido,CAISO,Y,,
CAISO_LONGBEACH,California ISO Long Beach,CAISO,Y,,
CAISO_NORTH,California ISO Northern,CAISO,Y,,Y
CAISO_PALMSPRINGS,California ISO Palm Springs,CAISO,Y,,
CAISO_REDDING,California ISO Redding,CAISO,Y,,
CAISO_SANBERNARDINO,California ISO San Bernardino,CAISO,Y,,
CAISO_SANDIEGO,California ISO San Diego,CAISO,Y,,
CHPD,PUD No 1 of Chelan County,,Y,Y,
CPLE,Duke Energy Progress East,,Y,Y,
CPLW,Duke Energy Progress West,,Y,Y,
CRI,Costa Rica,,Y,,
CUB,Cuba,,Y,,
CUW,Curaçao,,Y,,
CYM,Cayman Islands,,Y,,
DMA,Dominica,,Y,,
DOM,Dominican Republic (the),,Y,,
DOPD,PUD No 1 of Douglas County,,Y,Y,
DUK,Duke Energy Carolinas,,Y,Y,
ELE,El Paso Electric,,Y,Y,
ERCOT,ERCOT ISO,,,Y,
ERCOT_AUSTIN,ERCOT Austin,ERCOT,Y,,
ERCOT_COAST,ERCOT Coast,ERCOT,Y,,
ERCOT_EASTTX,ERCOT East Texas,ERCOT,Y,,
ERCOT_HIDALGO,ERCOT Hidalgo County,ERCOT,Y,,
ERCOT_NORTHCENTRAL,ERCOT North Central,ERCOT,Y,,
ERCOT_PANHANDLE,ERCOT Northern Panhandle,ERCOT,Y,,
ERCOT_SANANTONIO,ERCOT San Antonio,ERCOT,Y,,
ERCOT_SECOAST,ERCOT South Eastern Coast,ERCOT,Y,,
ERCOT_SOUTHTX,ERCOT South Texas,ERCOT,Y,,
ERCOT_WESTTX,ERCOT West Texas,ERCOT,Y,,
FMPP,Florida Municipal Power Pool,,Y,Y,
FPC,Duke Energy Florida,,Y,Y,
FPL,Florida Power & Light,,Y,Y,
GCPD,PUD No 2 of Grant County,,Y,Y,
GLP,Guadeloupe,,Y,,
GRD,Grenada,,Y,,
GRL,Greenland,,Y,,
GTM,Guatemala,,Y,,
GVL,Gainesville Regional Utilities,,Y,Y,
HND,Honduras,,Y,,
HQ,Hydro Quebec,,Y,Y,
HST,Homestead (City of),,Y,Y,
HTI,Haiti,,Y,,
IESO,Independent Electricity System Operator (Ontario),,,Y,
IESO_NORTH,IESO Ontario North,IESO,Y,,
IESO_SOUTH,IESO Ontario South,IESO,Y,,
IESO_WEST,IESO Ontario West,IESO,Y,,
IID,Imperial Irrigation District,,Y,Y,
IPCO,Idaho Power Co,,Y,Y,
ISONE,New England ISO,,,Y,
ISONE_CT,ISONE Connecticut,ISONE,Y,,
ISONE_ME,ISONE Maine,ISONE,Y,,
ISONE_NEMA,ISONE Northeast Massachusetts,ISONE,Y,,
ISONE_NH,ISONE New Hampshire,ISONE,Y,,
ISONE_RI,ISONE Rhode Island,ISONE,Y,,
ISONE_SEMA,ISONE Southeast Massachusetts,ISONE,Y,,
ISONE_VT,ISONE Vermont,ISONE,Y,,
ISONE_WCMA,ISONE Western/Central Massachusetts,ISONE,Y,,
JAM,Jamaica,,Y,,
JEA,JEA Jacksonville Florida,,Y,Y,
KNA,Saint Kitts and Nevis,,Y,,
LCA,Saint Lucia,,Y,,
LDWP,Los Angeles Dept of Water & Power,,Y,Y,
LGEE,Louisville Gas & Electric Co,,Y,Y,
MISO,Midcontinent Independent System Operator,,,Y,
MISO_BEAUMONT,MISO Beaumont,MISO,Y,,
MISO_DETROIT,MISO Detroit,MISO,Y,,
MISO_EAU_CLAIRE,MISO Eau Claire,MISO,Y,,
MISO_GRAND_RAPIDS,MISO Grand Rapids,MISO,Y,,
MISO_INDIANAPOLIS,MISO Indianapolis,MISO,Y,,
MISO_LAFAYETTE,MISO Lafayette,MISO,Y,,
MISO_LOWER_MS_RIVER,MISO Lower MS River,MISO,Y,,
MISO_MADISON,MISO Madison,MISO,Y,,
MISO_MASON_CITY,MISO Madison City,MISO,Y,,
MISO_MINNEAPOLIS,MISO Minneapolis,MISO,Y,,
MISO_NEW_ORLEANS,MISO New Orleans,MISO,Y,,
MISO_N_DAKOTA,MISO North Dakota,MISO,Y,,
MISO_SAINT_LOUIS,MISO Saint Louis,MISO,Y,,
MISO_SPRINGFIELD,MISO Springfield,MISO,Y,,
MISO_UPPER_PENINSULA,MISO Upper Peninsula,MISO,Y,,
MISO_WORTHINGTON,MISO Worthington,MISO,Y,,
MPCO,Northwestern Energy,,Y,Y,
MSR,Montserrat,,Y,,
MTQ,Martinique,,Y,,
MX_SIN,Mexico National Interconnected System (SIN),MX,Y,,
NEVP,Nevada Power Co,,Y,Y,
NIC,Nicaragua,,Y,,
NYISO,New York ISO,,,Y,
NYISO_CAPITAL,NYISO Capital,NYISO,Y,,
NYISO_CENTRAL,NYISO Central,NYISO,Y,,
NYISO_HUDSON,NYISO Hudson Valley,NYISO,Y,,
NYISO_LONG,NYISO Long Island,NYISO,Y,,
NYISO_MOHAWK,NYISO Mohawk Valley,NYISO,Y,,
NYISO_NORTH,NYISO North,NYISO,Y,,
NYISO_NYC,NYISO New York City,NYISO,Y,,
NYISO_WEST,NYISO West,NYISO,Y,,
PACE,PacifiCorp East,,Y,Y,
PACW,PacifiCorp West,,Y,Y,
PAN,Panama,,Y,,
PGE,Portland General Electric,,Y,Y,
PJM,PJM Interconnection,,,Y,
PJM_CHICAGO,PJM Chicago,PJM,Y,,
PJM_DC,PJM DC,PJM,Y,,
PJM_EASTERN_KY,PJM Eastern Kentucky,PJM,Y,,
PJM_EASTERN_OH,PJM Eastern Ohio,PJM,Y,,
PJM_NJ,PJM New Jersey,PJM,Y,,
PJM_ROANOKE,PJM Roanoke,PJM,Y,,
PJM_SOUTHWEST_OH,PJM Southwest Ohio,PJM,Y,,
PJM_WESTERN_KY,PJM Western Kentucky,PJM,Y,,
PNM,Public Service Co of New Mexico,,Y,Y,
PRI,Puerto Rico,,Y,,
PSCO,Public Service Co of Colorado,,Y,Y,
PSEI,Puget Sound Energy Inc,,Y,Y,
SC,South Carolina Public Service Authority,,Y,Y,
SCEG,Dominion Energy South Carolina,,Y,Y,
SCL,Seattle City Light,,Y,Y,
SEC,Seminole Electric Cooperative,,Y,Y,
SLV,El Salvador,,Y,,
SOCO,Southern Co Services Inc,,Y,Y,
SPA,Southwestern Power Administration,,Y,Y,
SPM,Saint Pierre and Miquelon,,Y,,
SPP,Southwest Power Pool,,,Y,
SPP_FORTPECK,SPP Fort Peck Reservation,SPP,Y,,
SPP_KANSAS,SPP Kansas,SPP,Y,,
SPP_KC,SPP Kansas City,SPP,Y,,
SPP_MEMPHIS,SPP Memphis,SPP,Y,,
SPP_ND,SPP North Dakota,SPP,Y,,
SPP_OKCTY,SPP Oklahoma City,SPP,Y,,
SPP_SIOUX,SPP Sioux Falls ,SPP,Y,,
SPP_SPRINGFIELD,SPP Springfield,SPP,Y,,
SPP_SWOK,SPP Southwest Oklahoma,SPP,Y,,
SPP_TX,SPP North Texas,SPP,Y,,
SPP_WESTNE,SPP Western Nebraska,SPP,Y,,
SRP,Salt River Project,,Y,Y,
TAL,Tallahassee FL (City of),,Y,Y,
TCA,Turks and Caicos Islands (the),,Y,,
TEC,Tampa Electric Co,,Y,Y,
TEPC,Tucson Electric Power Co,,Y,Y,
TID,Turlock Irrigation District,,Y,Y,
TPWR,Tacoma Power,,Y,Y,
TTO,Trinidad and Tobago,,Y,,
TVA,Tennessee Valley Authority,,Y,Y,
VCT,Saint Vincent and the Grenadines,,Y,,
VGB,British Virgin Islands,,Y,,
VIR,United States Virgin Islands,,Y,,
WACM,WAPA Rocky Mountain Region,,Y,Y,
WALC,WAPA Desert Southwest Region,,Y,Y,
WAUW,WAPA Upper Great Plains West,,Y,Y,
